0.9970388,"{'cas': 27, 'cwl': 12, 'rcd': 26, 'rp': 13, 'ras': 39, 'rrd': 3, 'faw': 50, 'rfc': 515}",[[0.00188392 1.00297    0.00187592]]
0.9970388,"{'cas': 27, 'cwl': 12, 'rcd': 26, 'rp': 13, 'ras': 39, 'rrd': 3, 'faw': 50, 'rfc': 515}",[[0.00188392 1.00297    0.00187592]]
1.0522329,"{'cas': 27, 'cwl': 26, 'rcd': 16, 'rp': 27, 'ras': 35, 'rrd': 9, 'faw': 8, 'rfc': 486}",[[0.00196803 0.95036    0.00206834]]
1.0522329,"{'cas': 27, 'cwl': 26, 'rcd': 16, 'rp': 27, 'ras': 35, 'rrd': 9, 'faw': 8, 'rfc': 486}",[[0.00196803 0.95036    0.00206834]]
1.0111018,"{'cas': 5, 'cwl': 8, 'rcd': 14, 'rp': 29, 'ras': 32, 'rrd': 9, 'faw': 16, 'rfc': 313}",[[0.0019121  0.98902    0.00193089]]
1.0111018,"{'cas': 5, 'cwl': 8, 'rcd': 14, 'rp': 29, 'ras': 32, 'rrd': 9, 'faw': 16, 'rfc': 313}",[[0.0019121  0.98902    0.00193089]]
0.97726876,"{'cas': 14, 'cwl': 4, 'rcd': 24, 'rp': 11, 'ras': 46, 'rrd': 3, 'faw': 29, 'rfc': 545}",[[0.00184869 1.02326    0.00180428]]
0.97726876,"{'cas': 14, 'cwl': 4, 'rcd': 24, 'rp': 11, 'ras': 46, 'rrd': 3, 'faw': 29, 'rfc': 545}",[[0.00184869 1.02326    0.00180428]]
0.9197601,"{'cas': 4, 'cwl': 14, 'rcd': 11, 'rp': 3, 'ras': 48, 'rrd': 7, 'faw': 23, 'rfc': 399}",[[0.00177311 1.08724    0.00162851]]
0.9197601,"{'cas': 4, 'cwl': 14, 'rcd': 11, 'rp': 3, 'ras': 48, 'rrd': 7, 'faw': 23, 'rfc': 399}",[[0.00177311 1.08724    0.00162851]]
1.0535188,"{'cas': 21, 'cwl': 4, 'rcd': 20, 'rp': 17, 'ras': 61, 'rrd': 12, 'faw': 28, 'rfc': 337}",[[0.00193637 0.9492     0.00203752]]
1.0535188,"{'cas': 21, 'cwl': 4, 'rcd': 20, 'rp': 17, 'ras': 61, 'rrd': 12, 'faw': 28, 'rfc': 337}",[[0.00193637 0.9492     0.00203752]]
1.0839521,"{'cas': 6, 'cwl': 22, 'rcd': 28, 'rp': 21, 'ras': 47, 'rrd': 8, 'faw': 18, 'rfc': 286}",[[0.00200116 0.92255    0.00216663]]
1.0839521,"{'cas': 6, 'cwl': 22, 'rcd': 28, 'rp': 21, 'ras': 47, 'rrd': 8, 'faw': 18, 'rfc': 286}",[[0.00200116 0.92255    0.00216663]]
1.0030191,"{'cas': 25, 'cwl': 27, 'rcd': 13, 'rp': 21, 'ras': 19, 'rrd': 5, 'faw': 45, 'rfc': 390}",[[0.00191754 0.99699    0.0019209 ]]
1.0030191,"{'cas': 25, 'cwl': 27, 'rcd': 13, 'rp': 21, 'ras': 19, 'rrd': 5, 'faw': 45, 'rfc': 390}",[[0.00191754 0.99699    0.0019209 ]]
0.9784449,"{'cas': 11, 'cwl': 23, 'rcd': 17, 'rp': 11, 'ras': 32, 'rrd': 6, 'faw': 18, 'rfc': 461}",[[0.00186777 1.02203    0.0018251 ]]
0.9784449,"{'cas': 11, 'cwl': 23, 'rcd': 17, 'rp': 11, 'ras': 32, 'rrd': 6, 'faw': 18, 'rfc': 461}",[[0.00186777 1.02203    0.0018251 ]]
1.091167,"{'cas': 17, 'cwl': 19, 'rcd': 6, 'rp': 31, 'ras': 54, 'rrd': 7, 'faw': 29, 'rfc': 609}",[[0.0020032  0.91645    0.00218329]]
1.091167,"{'cas': 17, 'cwl': 19, 'rcd': 6, 'rp': 31, 'ras': 54, 'rrd': 7, 'faw': 29, 'rfc': 609}",[[0.0020032  0.91645    0.00218329]]
1.138615,"{'cas': 14, 'cwl': 30, 'rcd': 16, 'rp': 27, 'ras': 63, 'rrd': 7, 'faw': 30, 'rfc': 491}",[[0.00206758 0.87826    0.00235156]]
1.138615,"{'cas': 14, 'cwl': 30, 'rcd': 16, 'rp': 27, 'ras': 63, 'rrd': 7, 'faw': 30, 'rfc': 491}",[[0.00206758 0.87826    0.00235156]]
1.1941439,"{'cas': 31, 'cwl': 31, 'rcd': 31, 'rp': 31, 'ras': 63, 'rrd': 15, 'faw': 63, 'rfc': 210}",[[0.00216544 0.83742    0.00258313]]
1.1941439,"{'cas': 31, 'cwl': 31, 'rcd': 31, 'rp': 31, 'ras': 63, 'rrd': 15, 'faw': 63, 'rfc': 210}",[[0.00216544 0.83742    0.00258313]]
1.1941439,"{'cas': 2, 'cwl': 31, 'rcd': 31, 'rp': 31, 'ras': 63, 'rrd': 2, 'faw': 2, 'rfc': 630}",[[0.00216544 0.83742    0.00258313]]
1.1941439,"{'cas': 2, 'cwl': 31, 'rcd': 31, 'rp': 31, 'ras': 63, 'rrd': 2, 'faw': 2, 'rfc': 630}",[[0.00216544 0.83742    0.00258313]]
1.158574,"{'cas': 31, 'cwl': 7, 'rcd': 31, 'rp': 31, 'ras': 63, 'rrd': 15, 'faw': 2, 'rfc': 630}",[[0.00210172 0.86313    0.00243236]]
1.158574,"{'cas': 31, 'cwl': 7, 'rcd': 31, 'rp': 31, 'ras': 63, 'rrd': 15, 'faw': 2, 'rfc': 630}",[[0.00210172 0.86313    0.00243236]]
1.1158348,"{'cas': 8, 'cwl': 31, 'rcd': 28, 'rp': 29, 'ras': 9, 'rrd': 7, 'faw': 62, 'rfc': 363}",[[0.0021053  0.89619    0.00234656]]
1.1158348,"{'cas': 8, 'cwl': 31, 'rcd': 28, 'rp': 29, 'ras': 9, 'rrd': 7, 'faw': 62, 'rfc': 363}",[[0.0021053  0.89619    0.00234656]]
1.1941439,"{'cas': 2, 'cwl': 31, 'rcd': 31, 'rp': 31, 'ras': 63, 'rrd': 15, 'faw': 2, 'rfc': 210}",[[0.00216544 0.83742    0.00258313]]
1.1941439,"{'cas': 2, 'cwl': 31, 'rcd': 31, 'rp': 31, 'ras': 63, 'rrd': 15, 'faw': 2, 'rfc': 210}",[[0.00216544 0.83742    0.00258313]]
1.1066599,"{'cas': 18, 'cwl': 31, 'rcd': 31, 'rp': 13, 'ras': 62, 'rrd': 13, 'faw': 11, 'rfc': 437}",[[0.00201658 0.90362    0.00222911]]
1.1066599,"{'cas': 18, 'cwl': 31, 'rcd': 31, 'rp': 13, 'ras': 62, 'rrd': 13, 'faw': 11, 'rfc': 437}",[[0.00201658 0.90362    0.00222911]]
1.1941439,"{'cas': 2, 'cwl': 31, 'rcd': 31, 'rp': 31, 'ras': 63, 'rrd': 2, 'faw': 63, 'rfc': 210}",[[0.00216544 0.83742    0.00258313]]
1.1941439,"{'cas': 2, 'cwl': 31, 'rcd': 31, 'rp': 31, 'ras': 63, 'rrd': 2, 'faw': 63, 'rfc': 210}",[[0.00216544 0.83742    0.00258313]]
1.0168389,"{'cas': 27, 'cwl': 27, 'rcd': 31, 'rp': 7, 'ras': 9, 'rrd': 11, 'faw': 46, 'rfc': 290}",[[0.00195131 0.98344    0.00198171]]
1.0168389,"{'cas': 27, 'cwl': 27, 'rcd': 31, 'rp': 7, 'ras': 9, 'rrd': 11, 'faw': 46, 'rfc': 290}",[[0.00195131 0.98344    0.00198171]]
1.1507215,"{'cas': 12, 'cwl': 29, 'rcd': 30, 'rp': 31, 'ras': 46, 'rrd': 5, 'faw': 4, 'rfc': 303}",[[0.00211243 0.86902    0.00242819]]
1.1507215,"{'cas': 12, 'cwl': 29, 'rcd': 30, 'rp': 31, 'ras': 46, 'rrd': 5, 'faw': 4, 'rfc': 303}",[[0.00211243 0.86902    0.00242819]]
1.1941439,"{'cas': 2, 'cwl': 31, 'rcd': 31, 'rp': 31, 'ras': 63, 'rrd': 15, 'faw': 63, 'rfc': 630}",[[0.00216544 0.83742    0.00258313]]
1.1941439,"{'cas': 2, 'cwl': 31, 'rcd': 31, 'rp': 31, 'ras': 63, 'rrd': 15, 'faw': 63, 'rfc': 630}",[[0.00216544 0.83742    0.00258313]]
1.1941439,"{'cas': 31, 'cwl': 31, 'rcd': 31, 'rp': 31, 'ras': 63, 'rrd': 2, 'faw': 2, 'rfc': 630}",[[0.00216544 0.83742    0.00258313]]
1.1941439,"{'cas': 31, 'cwl': 31, 'rcd': 31, 'rp': 31, 'ras': 63, 'rrd': 2, 'faw': 2, 'rfc': 630}",[[0.00216544 0.83742    0.00258313]]
1.1941439,"{'cas': 31, 'cwl': 31, 'rcd': 31, 'rp': 31, 'ras': 63, 'rrd': 2, 'faw': 2, 'rfc': 210}",[[0.00216544 0.83742    0.00258313]]
1.1941439,"{'cas': 31, 'cwl': 31, 'rcd': 31, 'rp': 31, 'ras': 63, 'rrd': 2, 'faw': 2, 'rfc': 210}",[[0.00216544 0.83742    0.00258313]]
1.0684103,"{'cas': 6, 'cwl': 2, 'rcd': 30, 'rp': 27, 'ras': 10, 'rrd': 2, 'faw': 60, 'rfc': 325}",[[0.00202716 0.93597    0.0021633 ]]
1.0684103,"{'cas': 6, 'cwl': 2, 'rcd': 30, 'rp': 27, 'ras': 10, 'rrd': 2, 'faw': 60, 'rfc': 325}",[[0.00202716 0.93597    0.0021633 ]]
1.1419175,"{'cas': 3, 'cwl': 30, 'rcd': 30, 'rp': 31, 'ras': 30, 'rrd': 2, 'faw': 12, 'rfc': 324}",[[0.00211998 0.87572    0.0024182 ]]
1.1419175,"{'cas': 3, 'cwl': 30, 'rcd': 30, 'rp': 31, 'ras': 30, 'rrd': 2, 'faw': 12, 'rfc': 324}",[[0.00211998 0.87572    0.0024182 ]]
1.1941439,"{'cas': 31, 'cwl': 31, 'rcd': 31, 'rp': 31, 'ras': 63, 'rrd': 15, 'faw': 2, 'rfc': 630}",[[0.00216544 0.83742    0.00258313]]
1.1941439,"{'cas': 31, 'cwl': 31, 'rcd': 31, 'rp': 31, 'ras': 63, 'rrd': 15, 'faw': 2, 'rfc': 630}",[[0.00216544 0.83742    0.00258313]]
1.1941439,"{'cas': 31, 'cwl': 31, 'rcd': 31, 'rp': 31, 'ras': 63, 'rrd': 2, 'faw': 63, 'rfc': 630}",[[0.00216544 0.83742    0.00258313]]
1.1941439,"{'cas': 31, 'cwl': 31, 'rcd': 31, 'rp': 31, 'ras': 63, 'rrd': 2, 'faw': 63, 'rfc': 630}",[[0.00216544 0.83742    0.00258313]]
1.1941439,"{'cas': 2, 'cwl': 31, 'rcd': 31, 'rp': 31, 'ras': 63, 'rrd': 2, 'faw': 2, 'rfc': 210}",[[0.00216544 0.83742    0.00258313]]
1.1941439,"{'cas': 2, 'cwl': 31, 'rcd': 31, 'rp': 31, 'ras': 63, 'rrd': 2, 'faw': 2, 'rfc': 210}",[[0.00216544 0.83742    0.00258313]]
1.0872638,"{'cas': 4, 'cwl': 31, 'rcd': 3, 'rp': 23, 'ras': 61, 'rrd': 6, 'faw': 17, 'rfc': 545}",[[0.00198741 0.91974    0.0021583 ]]
1.0872638,"{'cas': 4, 'cwl': 31, 'rcd': 3, 'rp': 23, 'ras': 61, 'rrd': 6, 'faw': 17, 'rfc': 545}",[[0.00198741 0.91974    0.0021583 ]]
1.1941439,"{'cas': 2, 'cwl': 31, 'rcd': 31, 'rp': 31, 'ras': 63, 'rrd': 2, 'faw': 63, 'rfc': 630}",[[0.00216544 0.83742    0.00258313]]
1.1941439,"{'cas': 2, 'cwl': 31, 'rcd': 31, 'rp': 31, 'ras': 63, 'rrd': 2, 'faw': 63, 'rfc': 630}",[[0.00216544 0.83742    0.00258313]]
1.1941439,"{'cas': 2, 'cwl': 31, 'rcd': 31, 'rp': 31, 'ras': 63, 'rrd': 15, 'faw': 2, 'rfc': 630}",[[0.00216544 0.83742    0.00258313]]
1.1941439,"{'cas': 2, 'cwl': 31, 'rcd': 31, 'rp': 31, 'ras': 63, 'rrd': 15, 'faw': 2, 'rfc': 630}",[[0.00216544 0.83742    0.00258313]]
0.95488185,"{'cas': 3, 'cwl': 8, 'rcd': 2, 'rp': 31, 'ras': 9, 'rrd': 10, 'faw': 8, 'rfc': 337}",[[0.0018641  1.04725    0.00177762]]
0.95488185,"{'cas': 3, 'cwl': 8, 'rcd': 2, 'rp': 31, 'ras': 9, 'rrd': 10, 'faw': 8, 'rfc': 337}",[[0.0018641  1.04725    0.00177762]]
1.1031318,"{'cas': 16, 'cwl': 5, 'rcd': 6, 'rp': 31, 'ras': 62, 'rrd': 14, 'faw': 9, 'rfc': 326}",[[0.00201095 0.90651    0.00221578]]
1.1031318,"{'cas': 16, 'cwl': 5, 'rcd': 6, 'rp': 31, 'ras': 62, 'rrd': 14, 'faw': 9, 'rfc': 326}",[[0.00201095 0.90651    0.00221578]]
0.8861949,"{'cas': 27, 'cwl': 14, 'rcd': 3, 'rp': 2, 'ras': 11, 'rrd': 15, 'faw': 46, 'rfc': 323}",[[0.00177726 1.12842    0.0015727 ]]
0.8861949,"{'cas': 27, 'cwl': 14, 'rcd': 3, 'rp': 2, 'ras': 11, 'rrd': 15, 'faw': 46, 'rfc': 323}",[[0.00177726 1.12842    0.0015727 ]]
1.1691941,"{'cas': 4, 'cwl': 28, 'rcd': 31, 'rp': 27, 'ras': 62, 'rrd': 3, 'faw': 53, 'rfc': 446}",[[0.00212183 0.85529    0.00247818]]
1.1691941,"{'cas': 4, 'cwl': 28, 'rcd': 31, 'rp': 27, 'ras': 62, 'rrd': 3, 'faw': 53, 'rfc': 446}",[[0.00212183 0.85529    0.00247818]]
1.1058033,"{'cas': 26, 'cwl': 5, 'rcd': 31, 'rp': 31, 'ras': 32, 'rrd': 9, 'faw': 62, 'rfc': 408}",[[0.00205658 0.90432    0.00227159]]
1.1058033,"{'cas': 26, 'cwl': 5, 'rcd': 31, 'rp': 31, 'ras': 32, 'rrd': 9, 'faw': 62, 'rfc': 408}",[[0.00205658 0.90432    0.00227159]]
1.1941439,"{'cas': 2, 'cwl': 31, 'rcd': 31, 'rp': 31, 'ras': 63, 'rrd': 15, 'faw': 63, 'rfc': 210}",[[0.00216544 0.83742    0.00258313]]
1.1941439,"{'cas': 2, 'cwl': 31, 'rcd': 31, 'rp': 31, 'ras': 63, 'rrd': 15, 'faw': 63, 'rfc': 210}",[[0.00216544 0.83742    0.00258313]]
1.1941439,"{'cas': 31, 'cwl': 31, 'rcd': 31, 'rp': 31, 'ras': 63, 'rrd': 2, 'faw': 63, 'rfc': 210}",[[0.00216544 0.83742    0.00258313]]
1.1941439,"{'cas': 31, 'cwl': 31, 'rcd': 31, 'rp': 31, 'ras': 63, 'rrd': 2, 'faw': 63, 'rfc': 210}",[[0.00216544 0.83742    0.00258313]]
1.1941439,"{'cas': 31, 'cwl': 31, 'rcd': 31, 'rp': 31, 'ras': 63, 'rrd': 15, 'faw': 2, 'rfc': 210}",[[0.00216544 0.83742    0.00258313]]
1.1941439,"{'cas': 31, 'cwl': 31, 'rcd': 31, 'rp': 31, 'ras': 63, 'rrd': 15, 'faw': 2, 'rfc': 210}",[[0.00216544 0.83742    0.00258313]]
1.1571395,"{'cas': 16, 'cwl': 22, 'rcd': 24, 'rp': 31, 'ras': 61, 'rrd': 3, 'faw': 15, 'rfc': 488}",[[0.00210216 0.8642     0.00242986]]
1.1571395,"{'cas': 16, 'cwl': 22, 'rcd': 24, 'rp': 31, 'ras': 61, 'rrd': 3, 'faw': 15, 'rfc': 488}",[[0.00210216 0.8642     0.00242986]]
1.0183507,"{'cas': 26, 'cwl': 14, 'rcd': 31, 'rp': 3, 'ras': 62, 'rrd': 13, 'faw': 21, 'rfc': 551}",[[0.00188458 0.98198    0.00191673]]
1.0183507,"{'cas': 26, 'cwl': 14, 'rcd': 31, 'rp': 3, 'ras': 62, 'rrd': 13, 'faw': 21, 'rfc': 551}",[[0.00188458 0.98198    0.00191673]]
1.1144172,"{'cas': 8, 'cwl': 30, 'rcd': 3, 'rp': 31, 'ras': 58, 'rrd': 11, 'faw': 50, 'rfc': 571}",[[0.00203471 0.89733    0.00226493]]
1.1144172,"{'cas': 8, 'cwl': 30, 'rcd': 3, 'rp': 31, 'ras': 58, 'rrd': 11, 'faw': 50, 'rfc': 571}",[[0.00203471 0.89733    0.00226493]]
1.1045696,"{'cas': 28, 'cwl': 31, 'rcd': 31, 'rp': 23, 'ras': 16, 'rrd': 12, 'faw': 46, 'rfc': 454}",[[0.00207698 0.90533    0.00229158]]
1.1045696,"{'cas': 28, 'cwl': 31, 'rcd': 31, 'rp': 23, 'ras': 16, 'rrd': 12, 'faw': 46, 'rfc': 454}",[[0.00207698 0.90533    0.00229158]]
0.97089267,"{'cas': 27, 'cwl': 29, 'rcd': 3, 'rp': 3, 'ras': 60, 'rrd': 12, 'faw': 22, 'rfc': 508}",[[0.00182307 1.02998    0.00176763]]
0.97089267,"{'cas': 27, 'cwl': 29, 'rcd': 3, 'rp': 3, 'ras': 60, 'rrd': 12, 'faw': 22, 'rfc': 508}",[[0.00182307 1.02998    0.00176763]]
1.008868,"{'cas': 10, 'cwl': 29, 'rcd': 30, 'rp': 2, 'ras': 35, 'rrd': 5, 'faw': 6, 'rfc': 398}",[[0.00190642 0.99121    0.0019209 ]]
1.008868,"{'cas': 10, 'cwl': 29, 'rcd': 30, 'rp': 2, 'ras': 35, 'rrd': 5, 'faw': 6, 'rfc': 398}",[[0.00190642 0.99121    0.0019209 ]]
1.1941439,"{'cas': 31, 'cwl': 31, 'rcd': 31, 'rp': 31, 'ras': 63, 'rrd': 15, 'faw': 63, 'rfc': 630}",[[0.00216544 0.83742    0.00258313]]
1.1941439,"{'cas': 31, 'cwl': 31, 'rcd': 31, 'rp': 31, 'ras': 63, 'rrd': 15, 'faw': 63, 'rfc': 630}",[[0.00216544 0.83742    0.00258313]]
1.1179055,"{'cas': 6, 'cwl': 4, 'rcd': 31, 'rp': 31, 'ras': 49, 'rrd': 8, 'faw': 46, 'rfc': 532}",[[0.00205295 0.89453    0.00229242]]
1.1179055,"{'cas': 6, 'cwl': 4, 'rcd': 31, 'rp': 31, 'ras': 49, 'rrd': 8, 'faw': 46, 'rfc': 532}",[[0.00205295 0.89453    0.00229242]]
1.0011714,"{'cas': 18, 'cwl': 30, 'rcd': 2, 'rp': 30, 'ras': 24, 'rrd': 12, 'faw': 36, 'rfc': 586}",[[0.00190776 0.99883    0.00190757]]
1.0011714,"{'cas': 18, 'cwl': 30, 'rcd': 2, 'rp': 30, 'ras': 24, 'rrd': 12, 'faw': 36, 'rfc': 586}",[[0.00190776 0.99883    0.00190757]]
1.1255684,"{'cas': 20, 'cwl': 19, 'rcd': 31, 'rp': 31, 'ras': 19, 'rrd': 14, 'faw': 53, 'rfc': 282}",[[0.00210782 0.88844    0.00236989]]
1.1255684,"{'cas': 20, 'cwl': 19, 'rcd': 31, 'rp': 31, 'ras': 19, 'rrd': 14, 'faw': 53, 'rfc': 282}",[[0.00210782 0.88844    0.00236989]]
0.9270934,"{'cas': 28, 'cwl': 3, 'rcd': 24, 'rp': 2, 'ras': 9, 'rrd': 10, 'faw': 33, 'rfc': 435}",[[0.0018301  1.07864    0.00169432]]
0.9270934,"{'cas': 28, 'cwl': 3, 'rcd': 24, 'rp': 2, 'ras': 9, 'rrd': 10, 'faw': 33, 'rfc': 435}",[[0.0018301  1.07864    0.00169432]]
0.9522721,"{'cas': 24, 'cwl': 3, 'rcd': 3, 'rp': 5, 'ras': 62, 'rrd': 13, 'faw': 36, 'rfc': 628}",[[0.00179658 1.05012    0.00169599]]
0.9522721,"{'cas': 24, 'cwl': 3, 'rcd': 3, 'rp': 5, 'ras': 62, 'rrd': 13, 'faw': 36, 'rfc': 628}",[[0.00179658 1.05012    0.00169599]]
1.1589231,"{'cas': 14, 'cwl': 31, 'rcd': 26, 'rp': 30, 'ras': 56, 'rrd': 11, 'faw': 26, 'rfc': 577}",[[0.00211258 0.86287    0.00244569]]
1.1589231,"{'cas': 14, 'cwl': 31, 'rcd': 26, 'rp': 30, 'ras': 56, 'rrd': 11, 'faw': 26, 'rfc': 577}",[[0.00211258 0.86287    0.00244569]]
1.1225234,"{'cas': 15, 'cwl': 2, 'rcd': 20, 'rp': 30, 'ras': 62, 'rrd': 2, 'faw': 20, 'rfc': 552}",[[0.00204228 0.89085    0.00228992]]
1.1225234,"{'cas': 15, 'cwl': 2, 'rcd': 20, 'rp': 30, 'ras': 62, 'rrd': 2, 'faw': 20, 'rfc': 552}",[[0.00204228 0.89085    0.00228992]]
0.9781386,"{'cas': 8, 'cwl': 31, 'rcd': 2, 'rp': 24, 'ras': 9, 'rrd': 6, 'faw': 21, 'rfc': 425}",[[0.00189561 1.02235    0.00185176]]
0.9781386,"{'cas': 8, 'cwl': 31, 'rcd': 2, 'rp': 24, 'ras': 9, 'rrd': 6, 'faw': 21, 'rfc': 425}",[[0.00189561 1.02235    0.00185176]]
1.139952,"{'cas': 16, 'cwl': 30, 'rcd': 31, 'rp': 31, 'ras': 13, 'rrd': 12, 'faw': 14, 'rfc': 412}",[[0.00214117 0.87723    0.00243819]]
1.139952,"{'cas': 16, 'cwl': 30, 'rcd': 31, 'rp': 31, 'ras': 13, 'rrd': 12, 'faw': 14, 'rfc': 412}",[[0.00214117 0.87723    0.00243819]]
0.98533815,"{'cas': 14, 'cwl': 30, 'rcd': 2, 'rp': 19, 'ras': 40, 'rrd': 10, 'faw': 60, 'rfc': 297}",[[0.00186653 1.01488    0.00183676]]
0.98533815,"{'cas': 14, 'cwl': 30, 'rcd': 2, 'rp': 19, 'ras': 40, 'rrd': 10, 'faw': 60, 'rfc': 297}",[[0.00186653 1.01488    0.00183676]]
0.997357,"{'cas': 6, 'cwl': 3, 'rcd': 31, 'rp': 12, 'ras': 22, 'rrd': 9, 'faw': 53, 'rfc': 416}",[[0.0019067  1.00265    0.00189924]]
0.997357,"{'cas': 6, 'cwl': 3, 'rcd': 31, 'rp': 12, 'ras': 22, 'rrd': 9, 'faw': 53, 'rfc': 416}",[[0.0019067  1.00265    0.00189924]]
1.1275864,"{'cas': 12, 'cwl': 31, 'rcd': 31, 'rp': 26, 'ras': 37, 'rrd': 13, 'faw': 62, 'rfc': 309}",[[0.00208558 0.88685    0.00234906]]
1.1275864,"{'cas': 12, 'cwl': 31, 'rcd': 31, 'rp': 26, 'ras': 37, 'rrd': 13, 'faw': 62, 'rfc': 309}",[[0.00208558 0.88685    0.00234906]]
1.1690984,"{'cas': 18, 'cwl': 29, 'rcd': 30, 'rp': 31, 'ras': 55, 'rrd': 3, 'faw': 57, 'rfc': 550}",[[0.00213199 0.85536    0.00248984]]
1.1690984,"{'cas': 18, 'cwl': 29, 'rcd': 30, 'rp': 31, 'ras': 55, 'rrd': 3, 'faw': 57, 'rfc': 550}",[[0.00213199 0.85536    0.00248984]]
0.9613813,"{'cas': 16, 'cwl': 31, 'rcd': 17, 'rp': 2, 'ras': 13, 'rrd': 5, 'faw': 5, 'rfc': 298}",[[0.0018697  1.04017    0.00179511]]
0.9613813,"{'cas': 16, 'cwl': 31, 'rcd': 17, 'rp': 2, 'ras': 13, 'rrd': 5, 'faw': 5, 'rfc': 298}",[[0.0018697  1.04017    0.00179511]]
0.9245733,"{'cas': 30, 'cwl': 30, 'rcd': 2, 'rp': 2, 'ras': 31, 'rrd': 2, 'faw': 29, 'rfc': 215}",[[0.00179994 1.08158    0.00166184]]
0.9245733,"{'cas': 30, 'cwl': 30, 'rcd': 2, 'rp': 2, 'ras': 31, 'rrd': 2, 'faw': 29, 'rfc': 215}",[[0.00179994 1.08158    0.00166184]]
1.1068192,"{'cas': 15, 'cwl': 31, 'rcd': 15, 'rp': 31, 'ras': 46, 'rrd': 3, 'faw': 41, 'rfc': 324}",[[0.00203886 0.90349    0.0022541 ]]
1.1068192,"{'cas': 15, 'cwl': 31, 'rcd': 15, 'rp': 31, 'ras': 46, 'rrd': 3, 'faw': 41, 'rfc': 324}",[[0.00203886 0.90349    0.0022541 ]]
1.1144172,"{'cas': 26, 'cwl': 31, 'rcd': 25, 'rp': 31, 'ras': 19, 'rrd': 3, 'faw': 53, 'rfc': 499}",[[0.00208854 0.89733    0.0023249 ]]
1.1144172,"{'cas': 26, 'cwl': 31, 'rcd': 25, 'rp': 31, 'ras': 19, 'rrd': 3, 'faw': 53, 'rfc': 499}",[[0.00208854 0.89733    0.0023249 ]]
1.0279922,"{'cas': 13, 'cwl': 30, 'rcd': 31, 'rp': 3, 'ras': 53, 'rrd': 8, 'faw': 15, 'rfc': 357}",[[0.00190987 0.97277    0.00196088]]
1.0279922,"{'cas': 13, 'cwl': 30, 'rcd': 31, 'rp': 3, 'ras': 53, 'rrd': 8, 'faw': 15, 'rfc': 357}",[[0.00190987 0.97277    0.00196088]]
0.96315914,"{'cas': 16, 'cwl': 25, 'rcd': 18, 'rp': 6, 'ras': 16, 'rrd': 12, 'faw': 63, 'rfc': 524}",[[0.00186798 1.03825    0.00179678]]
0.96315914,"{'cas': 16, 'cwl': 25, 'rcd': 18, 'rp': 6, 'ras': 16, 'rrd': 12, 'faw': 63, 'rfc': 524}",[[0.00186798 1.03825    0.00179678]]
1.1026453,"{'cas': 21, 'cwl': 4, 'rcd': 31, 'rp': 20, 'ras': 63, 'rrd': 14, 'faw': 4, 'rfc': 509}",[[0.0020088  0.90691    0.00221245]]
1.1026453,"{'cas': 21, 'cwl': 4, 'rcd': 31, 'rp': 20, 'ras': 63, 'rrd': 14, 'faw': 4, 'rfc': 509}",[[0.0020088  0.90691    0.00221245]]
1.1130651,"{'cas': 26, 'cwl': 16, 'rcd': 30, 'rp': 31, 'ras': 9, 'rrd': 14, 'faw': 7, 'rfc': 627}",[[0.00210082 0.89842    0.00233573]]
1.1130651,"{'cas': 26, 'cwl': 16, 'rcd': 30, 'rp': 31, 'ras': 9, 'rrd': 14, 'faw': 7, 'rfc': 627}",[[0.00210082 0.89842    0.00233573]]
0.9405303,"{'cas': 28, 'cwl': 15, 'rcd': 8, 'rp': 12, 'ras': 45, 'rrd': 9, 'faw': 58, 'rfc': 534}",[[0.00180218 1.06323    0.00169266]]
0.9405303,"{'cas': 28, 'cwl': 15, 'rcd': 8, 'rp': 12, 'ras': 45, 'rrd': 9, 'faw': 58, 'rfc': 534}",[[0.00180218 1.06323    0.00169266]]
1.0835645,"{'cas': 6, 'cwl': 16, 'rcd': 29, 'rp': 26, 'ras': 10, 'rrd': 10, 'faw': 44, 'rfc': 497}",[[0.00205109 0.92288    0.00221994]]
1.0835645,"{'cas': 6, 'cwl': 16, 'rcd': 29, 'rp': 26, 'ras': 10, 'rrd': 10, 'faw': 44, 'rfc': 497}",[[0.00205109 0.92288    0.00221994]]
1.0199087,"{'cas': 20, 'cwl': 28, 'rcd': 23, 'rp': 4, 'ras': 59, 'rrd': 2, 'faw': 12, 'rfc': 375}",[[0.0018907 0.98048   0.0019259]]
1.0199087,"{'cas': 20, 'cwl': 28, 'rcd': 23, 'rp': 4, 'ras': 59, 'rrd': 2, 'faw': 12, 'rfc': 375}",[[0.0018907 0.98048   0.0019259]]
1.0270736,"{'cas': 11, 'cwl': 2, 'rcd': 4, 'rp': 31, 'ras': 44, 'rrd': 6, 'faw': 63, 'rfc': 491}",[[0.0019197  0.97364    0.00196921]]
1.0270736,"{'cas': 11, 'cwl': 2, 'rcd': 4, 'rp': 31, 'ras': 44, 'rrd': 6, 'faw': 63, 'rfc': 491}",[[0.0019197  0.97364    0.00196921]]
0.95780855,"{'cas': 15, 'cwl': 11, 'rcd': 19, 'rp': 7, 'ras': 50, 'rrd': 5, 'faw': 51, 'rfc': 601}",[[0.00181839 1.04405    0.0017393 ]]
0.95780855,"{'cas': 15, 'cwl': 11, 'rcd': 19, 'rp': 7, 'ras': 50, 'rrd': 5, 'faw': 51, 'rfc': 601}",[[0.00181839 1.04405    0.0017393 ]]
1.0598722,"{'cas': 6, 'cwl': 6, 'rcd': 2, 'rp': 24, 'ras': 62, 'rrd': 3, 'faw': 61, 'rfc': 348}",[[0.00194442 0.94351    0.00205834]]
1.0598722,"{'cas': 6, 'cwl': 6, 'rcd': 2, 'rp': 24, 'ras': 62, 'rrd': 3, 'faw': 61, 'rfc': 348}",[[0.00194442 0.94351    0.00205834]]
0.8822855,"{'cas': 23, 'cwl': 3, 'rcd': 3, 'rp': 2, 'ras': 29, 'rrd': 6, 'faw': 32, 'rfc': 336}",[[0.00175114 1.13342    0.00153022]]
0.8822855,"{'cas': 23, 'cwl': 3, 'rcd': 3, 'rp': 2, 'ras': 29, 'rrd': 6, 'faw': 32, 'rfc': 336}",[[0.00175114 1.13342    0.00153022]]
1.1136726,"{'cas': 29, 'cwl': 31, 'rcd': 31, 'rp': 19, 'ras': 53, 'rrd': 12, 'faw': 44, 'rfc': 626}",[[0.00204055 0.89793    0.00226993]]
1.1136726,"{'cas': 29, 'cwl': 31, 'rcd': 31, 'rp': 19, 'ras': 53, 'rrd': 12, 'faw': 44, 'rfc': 626}",[[0.00204055 0.89793    0.00226993]]
1.050354,"{'cas': 23, 'cwl': 3, 'rcd': 15, 'rp': 25, 'ras': 52, 'rrd': 5, 'faw': 42, 'rfc': 603}",[[0.0019438  0.95206    0.00203918]]
1.050354,"{'cas': 23, 'cwl': 3, 'rcd': 15, 'rp': 25, 'ras': 52, 'rrd': 5, 'faw': 42, 'rfc': 603}",[[0.0019438  0.95206    0.00203918]]
1.1700011,"{'cas': 21, 'cwl': 31, 'rcd': 21, 'rp': 31, 'ras': 63, 'rrd': 12, 'faw': 33, 'rfc': 579}",[[0.00212179 0.8547     0.00247984]]
1.1700011,"{'cas': 21, 'cwl': 31, 'rcd': 21, 'rp': 31, 'ras': 63, 'rrd': 12, 'faw': 33, 'rfc': 579}",[[0.00212179 0.8547     0.00247984]]
1.0790979,"{'cas': 9, 'cwl': 31, 'rcd': 31, 'rp': 17, 'ras': 28, 'rrd': 14, 'faw': 35, 'rfc': 427}",[[0.00201944 0.9267     0.00217663]]
1.0790979,"{'cas': 9, 'cwl': 31, 'rcd': 31, 'rp': 17, 'ras': 28, 'rrd': 14, 'faw': 35, 'rfc': 427}",[[0.00201944 0.9267     0.00217663]]
1.074795,"{'cas': 31, 'cwl': 19, 'rcd': 22, 'rp': 29, 'ras': 33, 'rrd': 10, 'faw': 24, 'rfc': 465}",[[0.00200503 0.93041    0.00215247]]
1.074795,"{'cas': 31, 'cwl': 19, 'rcd': 22, 'rp': 29, 'ras': 33, 'rrd': 10, 'faw': 24, 'rfc': 465}",[[0.00200503 0.93041    0.00215247]]
1.133774,"{'cas': 24, 'cwl': 27, 'rcd': 6, 'rp': 31, 'ras': 63, 'rrd': 8, 'faw': 21, 'rfc': 263}",[[0.00205948 0.88201    0.0023324 ]]
1.133774,"{'cas': 24, 'cwl': 27, 'rcd': 6, 'rp': 31, 'ras': 63, 'rrd': 8, 'faw': 21, 'rfc': 263}",[[0.00205948 0.88201    0.0023324 ]]
0.9625843,"{'cas': 24, 'cwl': 4, 'rcd': 31, 'rp': 2, 'ras': 34, 'rrd': 2, 'faw': 7, 'rfc': 216}",[[0.00184486 1.03887    0.00177346]]
0.9625843,"{'cas': 24, 'cwl': 4, 'rcd': 31, 'rp': 2, 'ras': 34, 'rrd': 2, 'faw': 7, 'rfc': 216}",[[0.00184486 1.03887    0.00177346]]
1.1808048,"{'cas': 16, 'cwl': 24, 'rcd': 31, 'rp': 31, 'ras': 62, 'rrd': 5, 'faw': 23, 'rfc': 330}",[[0.0021426  0.84688    0.00252732]]
1.1808048,"{'cas': 16, 'cwl': 24, 'rcd': 31, 'rp': 31, 'ras': 62, 'rrd': 5, 'faw': 23, 'rfc': 330}",[[0.0021426  0.84688    0.00252732]]
1.0372261,"{'cas': 7, 'cwl': 11, 'rcd': 19, 'rp': 28, 'ras': 35, 'rrd': 12, 'faw': 44, 'rfc': 233}",[[0.0019459  0.96411    0.00201586]]
1.0372261,"{'cas': 7, 'cwl': 11, 'rcd': 19, 'rp': 28, 'ras': 35, 'rrd': 12, 'faw': 44, 'rfc': 233}",[[0.0019459  0.96411    0.00201586]]
1.1941439,"{'cas': 17, 'cwl': 31, 'rcd': 31, 'rp': 31, 'ras': 63, 'rrd': 15, 'faw': 63, 'rfc': 210}",[[0.00216544 0.83742    0.00258313]]
1.1941439,"{'cas': 17, 'cwl': 31, 'rcd': 31, 'rp': 31, 'ras': 63, 'rrd': 15, 'faw': 63, 'rfc': 210}",[[0.00216544 0.83742    0.00258313]]
1.0872165,"{'cas': 13, 'cwl': 3, 'rcd': 29, 'rp': 31, 'ras': 17, 'rrd': 5, 'faw': 8, 'rfc': 414}",[[0.00204727 0.91978    0.00222328]]
1.0872165,"{'cas': 13, 'cwl': 3, 'rcd': 29, 'rp': 31, 'ras': 17, 'rrd': 5, 'faw': 8, 'rfc': 414}",[[0.00204727 0.91978    0.00222328]]
1.1941439,"{'cas': 17, 'cwl': 31, 'rcd': 31, 'rp': 31, 'ras': 63, 'rrd': 2, 'faw': 2, 'rfc': 210}",[[0.00216544 0.83742    0.00258313]]
1.1941439,"{'cas': 17, 'cwl': 31, 'rcd': 31, 'rp': 31, 'ras': 63, 'rrd': 2, 'faw': 2, 'rfc': 210}",[[0.00216544 0.83742    0.00258313]]
0.90026826,"{'cas': 3, 'cwl': 2, 'rcd': 2, 'rp': 16, 'ras': 9, 'rrd': 14, 'faw': 63, 'rfc': 296}",[[0.00179575 1.11078    0.00161435]]
0.90026826,"{'cas': 3, 'cwl': 2, 'rcd': 2, 'rp': 16, 'ras': 9, 'rrd': 14, 'faw': 63, 'rfc': 296}",[[0.00179575 1.11078    0.00161435]]
1.1941439,"{'cas': 17, 'cwl': 31, 'rcd': 31, 'rp': 31, 'ras': 63, 'rrd': 2, 'faw': 63, 'rfc': 630}",[[0.00216544 0.83742    0.00258313]]
1.1941439,"{'cas': 17, 'cwl': 31, 'rcd': 31, 'rp': 31, 'ras': 63, 'rrd': 2, 'faw': 63, 'rfc': 630}",[[0.00216544 0.83742    0.00258313]]
1.0412545,"{'cas': 5, 'cwl': 31, 'rcd': 12, 'rp': 31, 'ras': 9, 'rrd': 13, 'faw': 41, 'rfc': 608}",[[0.00198559 0.96038    0.00206501]]
1.0412545,"{'cas': 5, 'cwl': 31, 'rcd': 12, 'rp': 31, 'ras': 9, 'rrd': 13, 'faw': 41, 'rfc': 608}",[[0.00198559 0.96038    0.00206501]]
0.932201,"{'cas': 24, 'cwl': 2, 'rcd': 19, 'rp': 3, 'ras': 50, 'rrd': 5, 'faw': 29, 'rfc': 457}",[[0.00178609 1.07273    0.00166267]]
0.932201,"{'cas': 24, 'cwl': 2, 'rcd': 19, 'rp': 3, 'ras': 50, 'rrd': 5, 'faw': 29, 'rfc': 457}",[[0.00178609 1.07273    0.00166267]]
1.0163428,"{'cas': 17, 'cwl': 24, 'rcd': 20, 'rp': 19, 'ras': 17, 'rrd': 11, 'faw': 36, 'rfc': 579}",[[0.00193915 0.98392    0.00196838]]
1.0163428,"{'cas': 17, 'cwl': 24, 'rcd': 20, 'rp': 19, 'ras': 17, 'rrd': 11, 'faw': 36, 'rfc': 579}",[[0.00193915 0.98392    0.00196838]]
0.98995197,"{'cas': 25, 'cwl': 19, 'rcd': 5, 'rp': 25, 'ras': 35, 'rrd': 9, 'faw': 20, 'rfc': 404}",[[0.00187889 1.01015    0.00185759]]
0.98995197,"{'cas': 25, 'cwl': 19, 'rcd': 5, 'rp': 25, 'ras': 35, 'rrd': 9, 'faw': 20, 'rfc': 404}",[[0.00187889 1.01015    0.00185759]]
1.1941439,"{'cas': 17, 'cwl': 31, 'rcd': 31, 'rp': 31, 'ras': 63, 'rrd': 15, 'faw': 2, 'rfc': 630}",[[0.00216544 0.83742    0.00258313]]
1.1941439,"{'cas': 17, 'cwl': 31, 'rcd': 31, 'rp': 31, 'ras': 63, 'rrd': 15, 'faw': 2, 'rfc': 630}",[[0.00216544 0.83742    0.00258313]]
1.1941439,"{'cas': 16, 'cwl': 31, 'rcd': 31, 'rp': 31, 'ras': 63, 'rrd': 2, 'faw': 2, 'rfc': 630}",[[0.00216544 0.83742    0.00258313]]
1.1941439,"{'cas': 16, 'cwl': 31, 'rcd': 31, 'rp': 31, 'ras': 63, 'rrd': 2, 'faw': 2, 'rfc': 630}",[[0.00216544 0.83742    0.00258313]]
1.0339551,"{'cas': 3, 'cwl': 27, 'rcd': 29, 'rp': 7, 'ras': 52, 'rrd': 4, 'faw': 10, 'rfc': 288}",[[0.00191981 0.96716    0.00198254]]
1.0339551,"{'cas': 3, 'cwl': 27, 'rcd': 29, 'rp': 7, 'ras': 52, 'rrd': 4, 'faw': 10, 'rfc': 288}",[[0.00191981 0.96716    0.00198254]]
1.1516491,"{'cas': 3, 'cwl': 5, 'rcd': 30, 'rp': 31, 'ras': 62, 'rrd': 7, 'faw': 33, 'rfc': 498}",[[0.00209121 0.86832    0.0024057 ]]
1.1516491,"{'cas': 3, 'cwl': 5, 'rcd': 30, 'rp': 31, 'ras': 62, 'rrd': 7, 'faw': 33, 'rfc': 498}",[[0.00209121 0.86832    0.0024057 ]]
1.1941439,"{'cas': 15, 'cwl': 31, 'rcd': 31, 'rp': 31, 'ras': 63, 'rrd': 2, 'faw': 2, 'rfc': 210}",[[0.00216544 0.83742    0.00258313]]
1.1941439,"{'cas': 15, 'cwl': 31, 'rcd': 31, 'rp': 31, 'ras': 63, 'rrd': 2, 'faw': 2, 'rfc': 210}",[[0.00216544 0.83742    0.00258313]]
1.1941439,"{'cas': 18, 'cwl': 31, 'rcd': 31, 'rp': 31, 'ras': 63, 'rrd': 2, 'faw': 63, 'rfc': 210}",[[0.00216544 0.83742    0.00258313]]
1.1941439,"{'cas': 18, 'cwl': 31, 'rcd': 31, 'rp': 31, 'ras': 63, 'rrd': 2, 'faw': 63, 'rfc': 210}",[[0.00216544 0.83742    0.00258313]]
0.9389319,"{'cas': 21, 'cwl': 14, 'rcd': 18, 'rp': 3, 'ras': 47, 'rrd': 3, 'faw': 11, 'rfc': 466}",[[0.00179815 1.06504    0.00168599]]
0.9389319,"{'cas': 21, 'cwl': 14, 'rcd': 18, 'rp': 3, 'ras': 47, 'rrd': 3, 'faw': 11, 'rfc': 466}",[[0.00179815 1.06504    0.00168599]]
1.1941439,"{'cas': 31, 'cwl': 31, 'rcd': 31, 'rp': 31, 'ras': 63, 'rrd': 15, 'faw': 8, 'rfc': 459}",[[0.00216544 0.83742    0.00258313]]
1.1941439,"{'cas': 31, 'cwl': 31, 'rcd': 31, 'rp': 31, 'ras': 63, 'rrd': 15, 'faw': 8, 'rfc': 459}",[[0.00216544 0.83742    0.00258313]]
1.052831,"{'cas': 17, 'cwl': 30, 'rcd': 23, 'rp': 12, 'ras': 54, 'rrd': 13, 'faw': 7, 'rfc': 377}",[[0.00194477 0.94982    0.00204502]]
1.052831,"{'cas': 17, 'cwl': 30, 'rcd': 23, 'rp': 12, 'ras': 54, 'rrd': 13, 'faw': 7, 'rfc': 377}",[[0.00194477 0.94982    0.00204502]]
1.1232926,"{'cas': 20, 'cwl': 30, 'rcd': 25, 'rp': 24, 'ras': 55, 'rrd': 12, 'faw': 2, 'rfc': 385}",[[0.00205349 0.89024    0.00230408]]
1.1232926,"{'cas': 20, 'cwl': 30, 'rcd': 25, 'rp': 24, 'ras': 55, 'rrd': 12, 'faw': 2, 'rfc': 385}",[[0.00205349 0.89024    0.00230408]]
1.0283093,"{'cas': 24, 'cwl': 6, 'rcd': 16, 'rp': 20, 'ras': 52, 'rrd': 3, 'faw': 43, 'rfc': 493}",[[0.00191172 0.97247    0.00196338]]
1.0283093,"{'cas': 24, 'cwl': 6, 'rcd': 16, 'rp': 20, 'ras': 52, 'rrd': 3, 'faw': 43, 'rfc': 493}",[[0.00191172 0.97247    0.00196338]]
1.0466273,"{'cas': 26, 'cwl': 21, 'rcd': 3, 'rp': 19, 'ras': 60, 'rrd': 8, 'faw': 3, 'rfc': 424}",[[0.00192761 0.95545    0.00201503]]
1.0466273,"{'cas': 26, 'cwl': 21, 'rcd': 3, 'rp': 19, 'ras': 60, 'rrd': 8, 'faw': 3, 'rfc': 424}",[[0.00192761 0.95545    0.00201503]]
1.1941439,"{'cas': 31, 'cwl': 31, 'rcd': 31, 'rp': 31, 'ras': 63, 'rrd': 9, 'faw': 63, 'rfc': 210}",[[0.00216544 0.83742    0.00258313]]
1.1941439,"{'cas': 31, 'cwl': 31, 'rcd': 31, 'rp': 31, 'ras': 63, 'rrd': 9, 'faw': 63, 'rfc': 210}",[[0.00216544 0.83742    0.00258313]]
1.0230597,"{'cas': 24, 'cwl': 24, 'rcd': 30, 'rp': 10, 'ras': 20, 'rrd': 11, 'faw': 33, 'rfc': 319}",[[0.00194595 0.97746    0.00198837]]
1.0230597,"{'cas': 24, 'cwl': 24, 'rcd': 30, 'rp': 10, 'ras': 20, 'rrd': 11, 'faw': 33, 'rfc': 319}",[[0.00194595 0.97746    0.00198837]]
0.9857753,"{'cas': 24, 'cwl': 27, 'rcd': 15, 'rp': 12, 'ras': 38, 'rrd': 9, 'faw': 4, 'rfc': 484}",[[0.00186993 1.01443    0.00184093]]
0.9857753,"{'cas': 24, 'cwl': 27, 'rcd': 15, 'rp': 12, 'ras': 38, 'rrd': 9, 'faw': 4, 'rfc': 484}",[[0.00186993 1.01443    0.00184093]]
1.1524056,"{'cas': 20, 'cwl': 31, 'rcd': 31, 'rp': 31, 'ras': 40, 'rrd': 9, 'faw': 42, 'rfc': 564}",[[0.00212382 0.86775    0.00244485]]
1.1524056,"{'cas': 20, 'cwl': 31, 'rcd': 31, 'rp': 31, 'ras': 40, 'rrd': 9, 'faw': 42, 'rfc': 564}",[[0.00212382 0.86775    0.00244485]]
0.9630571,"{'cas': 31, 'cwl': 4, 'rcd': 8, 'rp': 28, 'ras': 24, 'rrd': 7, 'faw': 5, 'rfc': 524}",[[0.00185606 1.03836    0.00178512]]
0.9630571,"{'cas': 31, 'cwl': 4, 'rcd': 8, 'rp': 28, 'ras': 24, 'rrd': 7, 'faw': 5, 'rfc': 524}",[[0.00185606 1.03836    0.00178512]]
1.0630381,"{'cas': 15, 'cwl': 11, 'rcd': 29, 'rp': 18, 'ras': 53, 'rrd': 13, 'faw': 16, 'rfc': 347}",[[0.00196135 0.9407     0.0020825 ]]
1.0630381,"{'cas': 15, 'cwl': 11, 'rcd': 29, 'rp': 18, 'ras': 53, 'rrd': 13, 'faw': 16, 'rfc': 347}",[[0.00196135 0.9407     0.0020825 ]]
1.0060261,"{'cas': 16, 'cwl': 28, 'rcd': 27, 'rp': 3, 'ras': 52, 'rrd': 13, 'faw': 35, 'rfc': 334}",[[0.00188034 0.99401    0.00188924]]
1.0060261,"{'cas': 16, 'cwl': 28, 'rcd': 27, 'rp': 3, 'ras': 52, 'rrd': 13, 'faw': 35, 'rfc': 334}",[[0.00188034 0.99401    0.00188924]]
1.0864251,"{'cas': 27, 'cwl': 5, 'rcd': 29, 'rp': 29, 'ras': 35, 'rrd': 10, 'faw': 58, 'rfc': 339}",[[0.00202116 0.92045    0.00219329]]
1.0864251,"{'cas': 27, 'cwl': 5, 'rcd': 29, 'rp': 29, 'ras': 35, 'rrd': 10, 'faw': 58, 'rfc': 339}",[[0.00202116 0.92045    0.00219329]]
0.9280398,"{'cas': 28, 'cwl': 10, 'rcd': 7, 'rp': 16, 'ras': 26, 'rrd': 12, 'faw': 32, 'rfc': 360}",[[0.00180936 1.07754    0.00167683]]
0.9280398,"{'cas': 28, 'cwl': 10, 'rcd': 7, 'rp': 16, 'ras': 26, 'rrd': 12, 'faw': 32, 'rfc': 360}",[[0.00180936 1.07754    0.00167683]]
1.1941439,"{'cas': 2, 'cwl': 31, 'rcd': 31, 'rp': 31, 'ras': 63, 'rrd': 2, 'faw': 36, 'rfc': 210}",[[0.00216544 0.83742    0.00258313]]
1.1941439,"{'cas': 2, 'cwl': 31, 'rcd': 31, 'rp': 31, 'ras': 63, 'rrd': 2, 'faw': 36, 'rfc': 210}",[[0.00216544 0.83742    0.00258313]]
0.9729614,"{'cas': 26, 'cwl': 2, 'rcd': 19, 'rp': 14, 'ras': 45, 'rrd': 12, 'faw': 29, 'rfc': 241}",[[0.00184402 1.02779    0.00179178]]
0.9729614,"{'cas': 26, 'cwl': 2, 'rcd': 19, 'rp': 14, 'ras': 45, 'rrd': 12, 'faw': 29, 'rfc': 241}",[[0.00184402 1.02779    0.00179178]]
1.1941439,"{'cas': 2, 'cwl': 31, 'rcd': 31, 'rp': 31, 'ras': 63, 'rrd': 15, 'faw': 45, 'rfc': 630}",[[0.00216544 0.83742    0.00258313]]
1.1941439,"{'cas': 2, 'cwl': 31, 'rcd': 31, 'rp': 31, 'ras': 63, 'rrd': 15, 'faw': 45, 'rfc': 630}",[[0.00216544 0.83742    0.00258313]]
1.1941439,"{'cas': 31, 'cwl': 31, 'rcd': 31, 'rp': 31, 'ras': 63, 'rrd': 2, 'faw': 34, 'rfc': 210}",[[0.00216544 0.83742    0.00258313]]
1.1941439,"{'cas': 31, 'cwl': 31, 'rcd': 31, 'rp': 31, 'ras': 63, 'rrd': 2, 'faw': 34, 'rfc': 210}",[[0.00216544 0.83742    0.00258313]]
1.0394146,"{'cas': 21, 'cwl': 16, 'rcd': 3, 'rp': 23, 'ras': 54, 'rrd': 5, 'faw': 6, 'rfc': 284}",[[0.00192496 0.96208    0.00199837]]
1.0394146,"{'cas': 21, 'cwl': 16, 'rcd': 3, 'rp': 23, 'ras': 54, 'rrd': 5, 'faw': 6, 'rfc': 284}",[[0.00192496 0.96208    0.00199837]]
1.0152388,"{'cas': 4, 'cwl': 16, 'rcd': 13, 'rp': 18, 'ras': 49, 'rrd': 5, 'faw': 22, 'rfc': 289}",[[0.00189693 0.98499    0.0019234 ]]
1.0152388,"{'cas': 4, 'cwl': 16, 'rcd': 13, 'rp': 18, 'ras': 49, 'rrd': 5, 'faw': 22, 'rfc': 289}",[[0.00189693 0.98499    0.0019234 ]]
1.0790397,"{'cas': 13, 'cwl': 25, 'rcd': 27, 'rp': 23, 'ras': 31, 'rrd': 7, 'faw': 36, 'rfc': 496}",[[0.0020149  0.92675    0.00217163]]
1.0790397,"{'cas': 13, 'cwl': 25, 'rcd': 27, 'rp': 23, 'ras': 31, 'rrd': 7, 'faw': 36, 'rfc': 496}",[[0.0020149  0.92675    0.00217163]]
0.9111119,"{'cas': 11, 'cwl': 15, 'rcd': 9, 'rp': 6, 'ras': 17, 'rrd': 14, 'faw': 16, 'rfc': 366}",[[0.0018     1.09756    0.00163768]]
0.9111119,"{'cas': 11, 'cwl': 15, 'rcd': 9, 'rp': 6, 'ras': 17, 'rrd': 14, 'faw': 16, 'rfc': 366}",[[0.0018     1.09756    0.00163768]]
0.9188812,"{'cas': 2, 'cwl': 6, 'rcd': 11, 'rp': 12, 'ras': 11, 'rrd': 4, 'faw': 24, 'rfc': 528}",[[0.00181653 1.08828    0.00166683]]
0.9188812,"{'cas': 2, 'cwl': 6, 'rcd': 11, 'rp': 12, 'ras': 11, 'rrd': 4, 'faw': 24, 'rfc': 528}",[[0.00181653 1.08828    0.00166683]]
1.0088171,"{'cas': 25, 'cwl': 23, 'rcd': 11, 'rp': 8, 'ras': 61, 'rrd': 13, 'faw': 3, 'rfc': 513}",[[0.00187266 0.99126    0.00188674]]
1.0088171,"{'cas': 25, 'cwl': 23, 'rcd': 11, 'rp': 8, 'ras': 61, 'rrd': 13, 'faw': 3, 'rfc': 513}",[[0.00187266 0.99126    0.00188674]]
1.0666097,"{'cas': 3, 'cwl': 30, 'rcd': 3, 'rp': 31, 'ras': 44, 'rrd': 12, 'faw': 9, 'rfc': 627}",[[0.00197822 0.93755    0.00210749]]
1.0666097,"{'cas': 3, 'cwl': 30, 'rcd': 3, 'rp': 31, 'ras': 44, 'rrd': 12, 'faw': 9, 'rfc': 627}",[[0.00197822 0.93755    0.00210749]]
1.1941439,"{'cas': 31, 'cwl': 31, 'rcd': 31, 'rp': 31, 'ras': 63, 'rrd': 15, 'faw': 31, 'rfc': 210}",[[0.00216544 0.83742    0.00258313]]
1.1941439,"{'cas': 31, 'cwl': 31, 'rcd': 31, 'rp': 31, 'ras': 63, 'rrd': 15, 'faw': 31, 'rfc': 210}",[[0.00216544 0.83742    0.00258313]]
0.9811617,"{'cas': 17, 'cwl': 9, 'rcd': 12, 'rp': 19, 'ras': 43, 'rrd': 4, 'faw': 37, 'rfc': 401}",[[0.00185748 1.0192     0.00182011]]
0.9811617,"{'cas': 17, 'cwl': 9, 'rcd': 12, 'rp': 19, 'ras': 43, 'rrd': 4, 'faw': 37, 'rfc': 401}",[[0.00185748 1.0192     0.00182011]]
1.1941439,"{'cas': 2, 'cwl': 31, 'rcd': 31, 'rp': 31, 'ras': 63, 'rrd': 15, 'faw': 27, 'rfc': 210}",[[0.00216544 0.83742    0.00258313]]
1.1941439,"{'cas': 2, 'cwl': 31, 'rcd': 31, 'rp': 31, 'ras': 63, 'rrd': 15, 'faw': 27, 'rfc': 210}",[[0.00216544 0.83742    0.00258313]]
1.1744671,"{'cas': 5, 'cwl': 29, 'rcd': 31, 'rp': 30, 'ras': 58, 'rrd': 12, 'faw': 7, 'rfc': 558}",[[0.00213714 0.85145    0.00250733]]
1.1744671,"{'cas': 5, 'cwl': 29, 'rcd': 31, 'rp': 30, 'ras': 58, 'rrd': 12, 'faw': 7, 'rfc': 558}",[[0.00213714 0.85145    0.00250733]]
0.9705063,"{'cas': 11, 'cwl': 15, 'rcd': 19, 'rp': 4, 'ras': 57, 'rrd': 5, 'faw': 20, 'rfc': 219}",[[0.00182637 1.03039    0.00177013]]
0.9705063,"{'cas': 11, 'cwl': 15, 'rcd': 19, 'rp': 4, 'ras': 57, 'rrd': 5, 'faw': 20, 'rfc': 219}",[[0.00182637 1.03039    0.00177013]]
1.1373588,"{'cas': 4, 'cwl': 14, 'rcd': 18, 'rp': 31, 'ras': 63, 'rrd': 11, 'faw': 57, 'rfc': 494}",[[0.00206547 0.87923    0.00234656]]
1.1373588,"{'cas': 4, 'cwl': 14, 'rcd': 18, 'rp': 31, 'ras': 63, 'rrd': 11, 'faw': 57, 'rfc': 494}",[[0.00206547 0.87923    0.00234656]]
0.9958969,"{'cas': 14, 'cwl': 4, 'rcd': 14, 'rp': 29, 'ras': 25, 'rrd': 8, 'faw': 55, 'rfc': 378}",[[0.00189946 1.00412    0.00188924]]
0.9958969,"{'cas': 14, 'cwl': 4, 'rcd': 14, 'rp': 29, 'ras': 25, 'rrd': 8, 'faw': 55, 'rfc': 378}",[[0.00189946 1.00412    0.00188924]]
1.0523767,"{'cas': 19, 'cwl': 27, 'rcd': 25, 'rp': 20, 'ras': 22, 'rrd': 4, 'faw': 61, 'rfc': 415}",[[0.00198598 0.95023    0.0020875 ]]
1.0523767,"{'cas': 19, 'cwl': 27, 'rcd': 25, 'rp': 20, 'ras': 22, 'rrd': 4, 'faw': 61, 'rfc': 415}",[[0.00198598 0.95023    0.0020875 ]]
1.112545,"{'cas': 4, 'cwl': 28, 'rcd': 23, 'rp': 19, 'ras': 63, 'rrd': 6, 'faw': 47, 'rfc': 289}",[[0.00202464 0.89884    0.00224993]]
1.112545,"{'cas': 4, 'cwl': 28, 'rcd': 23, 'rp': 19, 'ras': 63, 'rrd': 6, 'faw': 47, 'rfc': 289}",[[0.00202464 0.89884    0.00224993]]
0.9629458,"{'cas': 23, 'cwl': 14, 'rcd': 14, 'rp': 16, 'ras': 39, 'rrd': 5, 'faw': 41, 'rfc': 227}",[[0.00183811 1.03848    0.00176763]]
0.9629458,"{'cas': 23, 'cwl': 14, 'rcd': 14, 'rp': 16, 'ras': 39, 'rrd': 5, 'faw': 41, 'rfc': 227}",[[0.00183811 1.03848    0.00176763]]
1.1941439,"{'cas': 31, 'cwl': 31, 'rcd': 31, 'rp': 31, 'ras': 63, 'rrd': 2, 'faw': 37, 'rfc': 630}",[[0.00216544 0.83742    0.00258313]]
1.1941439,"{'cas': 31, 'cwl': 31, 'rcd': 31, 'rp': 31, 'ras': 63, 'rrd': 2, 'faw': 37, 'rfc': 630}",[[0.00216544 0.83742    0.00258313]]
1.1941439,"{'cas': 2, 'cwl': 31, 'rcd': 31, 'rp': 31, 'ras': 63, 'rrd': 2, 'faw': 12, 'rfc': 630}",[[0.00216544 0.83742    0.00258313]]
1.1941439,"{'cas': 2, 'cwl': 31, 'rcd': 31, 'rp': 31, 'ras': 63, 'rrd': 2, 'faw': 12, 'rfc': 630}",[[0.00216544 0.83742    0.00258313]]
1.1941439,"{'cas': 31, 'cwl': 31, 'rcd': 31, 'rp': 31, 'ras': 63, 'rrd': 2, 'faw': 41, 'rfc': 630}",[[0.00216544 0.83742    0.00258313]]
1.1941439,"{'cas': 31, 'cwl': 31, 'rcd': 31, 'rp': 31, 'ras': 63, 'rrd': 2, 'faw': 41, 'rfc': 630}",[[0.00216544 0.83742    0.00258313]]
1.1780922,"{'cas': 18, 'cwl': 30, 'rcd': 27, 'rp': 30, 'ras': 63, 'rrd': 7, 'faw': 59, 'rfc': 212}",[[0.00213622 0.84883    0.00251399]]
1.1780922,"{'cas': 18, 'cwl': 30, 'rcd': 27, 'rp': 30, 'ras': 63, 'rrd': 7, 'faw': 59, 'rfc': 212}",[[0.00213622 0.84883    0.00251399]]
1.1154739,"{'cas': 7, 'cwl': 11, 'rcd': 31, 'rp': 31, 'ras': 40, 'rrd': 3, 'faw': 32, 'rfc': 241}",[[0.00206116 0.89648    0.00229658]]
1.1154739,"{'cas': 7, 'cwl': 11, 'rcd': 31, 'rp': 31, 'ras': 40, 'rrd': 3, 'faw': 32, 'rfc': 241}",[[0.00206116 0.89648    0.00229658]]
1.0282459,"{'cas': 14, 'cwl': 2, 'rcd': 20, 'rp': 30, 'ras': 9, 'rrd': 9, 'faw': 50, 'rfc': 495}",[[0.00196695 0.97253    0.00202002]]
1.0282459,"{'cas': 14, 'cwl': 2, 'rcd': 20, 'rp': 30, 'ras': 9, 'rrd': 9, 'faw': 50, 'rfc': 495}",[[0.00196695 0.97253    0.00202002]]
1.1558956,"{'cas': 23, 'cwl': 20, 'rcd': 31, 'rp': 31, 'ras': 54, 'rrd': 11, 'faw': 6, 'rfc': 485}",[[0.00211021 0.86513    0.00243652]]
1.1558956,"{'cas': 23, 'cwl': 20, 'rcd': 31, 'rp': 31, 'ras': 54, 'rrd': 11, 'faw': 6, 'rfc': 485}",[[0.00211021 0.86513    0.00243652]]
0.9864268,"{'cas': 23, 'cwl': 15, 'rcd': 24, 'rp': 12, 'ras': 37, 'rrd': 4, 'faw': 53, 'rfc': 211}",[[0.00187208 1.01376    0.00184426]]
0.9864268,"{'cas': 23, 'cwl': 15, 'rcd': 24, 'rp': 12, 'ras': 37, 'rrd': 4, 'faw': 53, 'rfc': 211}",[[0.00187208 1.01376    0.00184426]]
1.1941439,"{'cas': 31, 'cwl': 31, 'rcd': 31, 'rp': 31, 'ras': 63, 'rrd': 15, 'faw': 21, 'rfc': 630}",[[0.00216544 0.83742    0.00258313]]
1.1941439,"{'cas': 31, 'cwl': 31, 'rcd': 31, 'rp': 31, 'ras': 63, 'rrd': 15, 'faw': 21, 'rfc': 630}",[[0.00216544 0.83742    0.00258313]]
0.9728005,"{'cas': 14, 'cwl': 25, 'rcd': 16, 'rp': 8, 'ras': 42, 'rrd': 4, 'faw': 50, 'rfc': 429}",[[0.00184776 1.02796    0.00179511]]
0.9728005,"{'cas': 14, 'cwl': 25, 'rcd': 16, 'rp': 8, 'ras': 42, 'rrd': 4, 'faw': 50, 'rfc': 429}",[[0.00184776 1.02796    0.00179511]]
1.1543078,"{'cas': 29, 'cwl': 16, 'rcd': 29, 'rp': 28, 'ras': 63, 'rrd': 3, 'faw': 15, 'rfc': 525}",[[0.00209433 0.86632    0.00241487]]
1.1543078,"{'cas': 29, 'cwl': 16, 'rcd': 29, 'rp': 28, 'ras': 63, 'rrd': 3, 'faw': 15, 'rfc': 525}",[[0.00209433 0.86632    0.00241487]]
1.0029788,"{'cas': 2, 'cwl': 3, 'rcd': 4, 'rp': 21, 'ras': 52, 'rrd': 4, 'faw': 45, 'rfc': 546}",[[0.00187607 0.99703    0.00187925]]
1.0029788,"{'cas': 2, 'cwl': 3, 'rcd': 4, 'rp': 21, 'ras': 52, 'rrd': 4, 'faw': 45, 'rfc': 546}",[[0.00187607 0.99703    0.00187925]]
0.9580563,"{'cas': 20, 'cwl': 3, 'rcd': 24, 'rp': 6, 'ras': 50, 'rrd': 12, 'faw': 59, 'rfc': 564}",[[0.00181878 1.04378    0.00174014]]
0.9580563,"{'cas': 20, 'cwl': 3, 'rcd': 24, 'rp': 6, 'ras': 50, 'rrd': 12, 'faw': 59, 'rfc': 564}",[[0.00181878 1.04378    0.00174014]]
0.991041,"{'cas': 9, 'cwl': 2, 'rcd': 31, 'rp': 12, 'ras': 9, 'rrd': 10, 'faw': 23, 'rfc': 448}",[[0.00191465 1.00904    0.00189507]]
0.991041,"{'cas': 9, 'cwl': 2, 'rcd': 31, 'rp': 12, 'ras': 9, 'rrd': 10, 'faw': 23, 'rfc': 448}",[[0.00191465 1.00904    0.00189507]]
1.1941439,"{'cas': 2, 'cwl': 31, 'rcd': 31, 'rp': 31, 'ras': 63, 'rrd': 7, 'faw': 2, 'rfc': 630}",[[0.00216544 0.83742    0.00258313]]
1.1941439,"{'cas': 2, 'cwl': 31, 'rcd': 31, 'rp': 31, 'ras': 63, 'rrd': 7, 'faw': 2, 'rfc': 630}",[[0.00216544 0.83742    0.00258313]]
1.0663823,"{'cas': 10, 'cwl': 31, 'rcd': 31, 'rp': 16, 'ras': 9, 'rrd': 3, 'faw': 48, 'rfc': 215}",[[0.00202553 0.93775    0.00215747]]
1.0663823,"{'cas': 10, 'cwl': 31, 'rcd': 31, 'rp': 16, 'ras': 9, 'rrd': 3, 'faw': 48, 'rfc': 215}",[[0.00202553 0.93775    0.00215747]]
0.9265608,"{'cas': 11, 'cwl': 9, 'rcd': 4, 'rp': 18, 'ras': 33, 'rrd': 6, 'faw': 63, 'rfc': 437}",[[0.00179876 1.07926    0.00166433]]
0.9265608,"{'cas': 11, 'cwl': 9, 'rcd': 4, 'rp': 18, 'ras': 33, 'rrd': 6, 'faw': 63, 'rfc': 437}",[[0.00179876 1.07926    0.00166433]]
0.98213494,"{'cas': 25, 'cwl': 27, 'rcd': 19, 'rp': 9, 'ras': 15, 'rrd': 9, 'faw': 35, 'rfc': 235}",[[0.00189468 1.01819    0.00185842]]
0.98213494,"{'cas': 25, 'cwl': 27, 'rcd': 19, 'rp': 9, 'ras': 15, 'rrd': 9, 'faw': 35, 'rfc': 235}",[[0.00189468 1.01819    0.00185842]]
1.0592322,"{'cas': 12, 'cwl': 11, 'rcd': 24, 'rp': 28, 'ras': 31, 'rrd': 12, 'faw': 33, 'rfc': 488}",[[0.00198414 0.94408    0.00209916]]
1.0592322,"{'cas': 12, 'cwl': 11, 'rcd': 24, 'rp': 28, 'ras': 31, 'rrd': 12, 'faw': 33, 'rfc': 488}",[[0.00198414 0.94408    0.00209916]]
0.9163299,"{'cas': 30, 'cwl': 2, 'rcd': 11, 'rp': 9, 'ras': 38, 'rrd': 4, 'faw': 17, 'rfc': 303}",[[0.00178066 1.09131    0.00162935]]
0.9163299,"{'cas': 30, 'cwl': 2, 'rcd': 11, 'rp': 9, 'ras': 38, 'rrd': 4, 'faw': 17, 'rfc': 303}",[[0.00178066 1.09131    0.00162935]]
1.1298158,"{'cas': 30, 'cwl': 4, 'rcd': 31, 'rp': 28, 'ras': 59, 'rrd': 8, 'faw': 19, 'rfc': 538}",[[0.0020586  0.8851     0.00232324]]
1.1298158,"{'cas': 30, 'cwl': 4, 'rcd': 31, 'rp': 28, 'ras': 59, 'rrd': 8, 'faw': 19, 'rfc': 538}",[[0.0020586  0.8851     0.00232324]]
1.0059351,"{'cas': 5, 'cwl': 11, 'rcd': 18, 'rp': 11, 'ras': 57, 'rrd': 3, 'faw': 29, 'rfc': 604}",[[0.00187389 0.9941     0.00188258]]
1.0059351,"{'cas': 5, 'cwl': 11, 'rcd': 18, 'rp': 11, 'ras': 57, 'rrd': 3, 'faw': 29, 'rfc': 604}",[[0.00187389 0.9941     0.00188258]]
1.044943,"{'cas': 25, 'cwl': 8, 'rcd': 29, 'rp': 22, 'ras': 14, 'rrd': 12, 'faw': 50, 'rfc': 254}",[[0.00198576 0.95699    0.0020725 ]]
1.044943,"{'cas': 25, 'cwl': 8, 'rcd': 29, 'rp': 22, 'ras': 14, 'rrd': 12, 'faw': 50, 'rfc': 254}",[[0.00198576 0.95699    0.0020725 ]]
1.1941439,"{'cas': 12, 'cwl': 31, 'rcd': 31, 'rp': 31, 'ras': 63, 'rrd': 15, 'faw': 2, 'rfc': 210}",[[0.00216544 0.83742    0.00258313]]
1.1941439,"{'cas': 12, 'cwl': 31, 'rcd': 31, 'rp': 31, 'ras': 63, 'rrd': 15, 'faw': 2, 'rfc': 210}",[[0.00216544 0.83742    0.00258313]]
1.0048838,"{'cas': 28, 'cwl': 21, 'rcd': 22, 'rp': 14, 'ras': 35, 'rrd': 10, 'faw': 53, 'rfc': 299}",[[0.00189988 0.99514    0.00190674]]
1.0048838,"{'cas': 28, 'cwl': 21, 'rcd': 22, 'rp': 14, 'ras': 35, 'rrd': 10, 'faw': 53, 'rfc': 299}",[[0.00189988 0.99514    0.00190674]]
1.0725356,"{'cas': 18, 'cwl': 13, 'rcd': 25, 'rp': 27, 'ras': 42, 'rrd': 10, 'faw': 46, 'rfc': 393}",[[0.00198983 0.93237    0.00213165]]
1.0725356,"{'cas': 18, 'cwl': 13, 'rcd': 25, 'rp': 27, 'ras': 42, 'rrd': 10, 'faw': 46, 'rfc': 393}",[[0.00198983 0.93237    0.00213165]]
1.0625976,"{'cas': 9, 'cwl': 15, 'rcd': 11, 'rp': 21, 'ras': 60, 'rrd': 10, 'faw': 7, 'rfc': 360}",[[0.0019512  0.94109    0.00207084]]
1.0625976,"{'cas': 9, 'cwl': 15, 'rcd': 11, 'rp': 21, 'ras': 60, 'rrd': 10, 'faw': 7, 'rfc': 360}",[[0.0019512  0.94109    0.00207084]]
1.0729269,"{'cas': 11, 'cwl': 17, 'rcd': 17, 'rp': 20, 'ras': 59, 'rrd': 2, 'faw': 32, 'rfc': 495}",[[0.00196814 0.93203    0.00210916]]
1.0729269,"{'cas': 11, 'cwl': 17, 'rcd': 17, 'rp': 20, 'ras': 59, 'rrd': 2, 'faw': 32, 'rfc': 495}",[[0.00196814 0.93203    0.00210916]]
1.0400848,"{'cas': 4, 'cwl': 2, 'rcd': 30, 'rp': 9, 'ras': 63, 'rrd': 5, 'faw': 27, 'rfc': 320}",[[0.00191411 0.96146    0.00198837]]
1.0400848,"{'cas': 4, 'cwl': 2, 'rcd': 30, 'rp': 9, 'ras': 63, 'rrd': 5, 'faw': 27, 'rfc': 320}",[[0.00191411 0.96146    0.00198837]]
1.1311321,"{'cas': 18, 'cwl': 25, 'rcd': 22, 'rp': 29, 'ras': 55, 'rrd': 13, 'faw': 48, 'rfc': 259}",[[0.00206652 0.88407    0.0023349 ]]
1.1311321,"{'cas': 18, 'cwl': 25, 'rcd': 22, 'rp': 29, 'ras': 55, 'rrd': 13, 'faw': 48, 'rfc': 259}",[[0.00206652 0.88407    0.0023349 ]]
1.166276,"{'cas': 30, 'cwl': 31, 'rcd': 31, 'rp': 31, 'ras': 51, 'rrd': 12, 'faw': 17, 'rfc': 442}",[[0.00213286 0.85743    0.00248484]]
1.166276,"{'cas': 30, 'cwl': 31, 'rcd': 31, 'rp': 31, 'ras': 51, 'rrd': 12, 'faw': 17, 'rfc': 442}",[[0.00213286 0.85743    0.00248484]]
1.1289103,"{'cas': 19, 'cwl': 22, 'rcd': 31, 'rp': 20, 'ras': 63, 'rrd': 15, 'faw': 44, 'rfc': 295}",[[0.00205139 0.88581    0.00231324]]
1.1289103,"{'cas': 19, 'cwl': 22, 'rcd': 31, 'rp': 20, 'ras': 63, 'rrd': 15, 'faw': 44, 'rfc': 295}",[[0.00205139 0.88581    0.00231324]]
1.0902034,"{'cas': 6, 'cwl': 5, 'rcd': 31, 'rp': 29, 'ras': 18, 'rrd': 15, 'faw': 20, 'rfc': 583}",[[0.00205084 0.91726    0.00223327]]
1.0902034,"{'cas': 6, 'cwl': 5, 'rcd': 31, 'rp': 29, 'ras': 18, 'rrd': 15, 'faw': 20, 'rfc': 583}",[[0.00205084 0.91726    0.00223327]]
0.9640784,"{'cas': 19, 'cwl': 28, 'rcd': 15, 'rp': 3, 'ras': 46, 'rrd': 11, 'faw': 56, 'rfc': 435}",[[0.00183163 1.03726    0.00176346]]
0.9640784,"{'cas': 19, 'cwl': 28, 'rcd': 15, 'rp': 3, 'ras': 46, 'rrd': 11, 'faw': 56, 'rfc': 435}",[[0.00183163 1.03726    0.00176346]]
0.9168172,"{'cas': 22, 'cwl': 15, 'rcd': 7, 'rp': 12, 'ras': 10, 'rrd': 5, 'faw': 7, 'rfc': 479}",[[0.00181516 1.09073    0.00166184]]
0.9168172,"{'cas': 22, 'cwl': 15, 'rcd': 7, 'rp': 12, 'ras': 10, 'rrd': 5, 'faw': 7, 'rfc': 479}",[[0.00181516 1.09073    0.00166184]]
0.91935426,"{'cas': 29, 'cwl': 4, 'rcd': 13, 'rp': 9, 'ras': 14, 'rrd': 5, 'faw': 28, 'rfc': 346}",[[0.00181377 1.08772    0.00166517]]
0.91935426,"{'cas': 29, 'cwl': 4, 'rcd': 13, 'rp': 9, 'ras': 14, 'rrd': 5, 'faw': 28, 'rfc': 346}",[[0.00181377 1.08772    0.00166517]]
1.0459375,"{'cas': 30, 'cwl': 22, 'rcd': 23, 'rp': 16, 'ras': 49, 'rrd': 11, 'faw': 28, 'rfc': 571}",[[0.00194083 0.95608    0.00202752]]
1.0459375,"{'cas': 30, 'cwl': 22, 'rcd': 23, 'rp': 16, 'ras': 49, 'rrd': 11, 'faw': 28, 'rfc': 571}",[[0.00194083 0.95608    0.00202752]]
1.029262,"{'cas': 4, 'cwl': 22, 'rcd': 26, 'rp': 15, 'ras': 36, 'rrd': 5, 'faw': 28, 'rfc': 363}",[[0.00193342 0.97157    0.00198754]]
1.029262,"{'cas': 4, 'cwl': 22, 'rcd': 26, 'rp': 15, 'ras': 36, 'rrd': 5, 'faw': 28, 'rfc': 363}",[[0.00193342 0.97157    0.00198754]]
0.8991835,"{'cas': 12, 'cwl': 10, 'rcd': 6, 'rp': 2, 'ras': 43, 'rrd': 4, 'faw': 28, 'rfc': 251}",[[0.00175436 1.11212    0.0015752 ]]
0.8991835,"{'cas': 12, 'cwl': 10, 'rcd': 6, 'rp': 2, 'ras': 43, 'rrd': 4, 'faw': 28, 'rfc': 251}",[[0.00175436 1.11212    0.0015752 ]]
1.1319132,"{'cas': 16, 'cwl': 31, 'rcd': 31, 'rp': 28, 'ras': 24, 'rrd': 12, 'faw': 27, 'rfc': 225}",[[0.00211148 0.88346    0.00238738]]
1.1319132,"{'cas': 16, 'cwl': 31, 'rcd': 31, 'rp': 28, 'ras': 24, 'rrd': 12, 'faw': 27, 'rfc': 225}",[[0.00211148 0.88346    0.00238738]]
0.9587084,"{'cas': 6, 'cwl': 15, 'rcd': 2, 'rp': 28, 'ras': 26, 'rrd': 3, 'faw': 53, 'rfc': 295}",[[0.00184797 1.04307    0.00176929]]
0.9587084,"{'cas': 6, 'cwl': 15, 'rcd': 2, 'rp': 28, 'ras': 26, 'rrd': 3, 'faw': 53, 'rfc': 295}",[[0.00184797 1.04307    0.00176929]]
0.9844361,"{'cas': 5, 'cwl': 5, 'rcd': 24, 'rp': 16, 'ras': 22, 'rrd': 6, 'faw': 62, 'rfc': 614}",[[0.00188857 1.01581    0.00185676]]
0.9844361,"{'cas': 5, 'cwl': 5, 'rcd': 24, 'rp': 16, 'ras': 22, 'rrd': 6, 'faw': 62, 'rfc': 614}",[[0.00188857 1.01581    0.00185676]]
0.9646178,"{'cas': 12, 'cwl': 18, 'rcd': 14, 'rp': 15, 'ras': 11, 'rrd': 4, 'faw': 22, 'rfc': 256}",[[0.00187553 1.03668    0.00180678]]
0.9646178,"{'cas': 12, 'cwl': 18, 'rcd': 14, 'rp': 15, 'ras': 11, 'rrd': 4, 'faw': 22, 'rfc': 256}",[[0.00187553 1.03668    0.00180678]]
1.066064,"{'cas': 3, 'cwl': 23, 'rcd': 9, 'rp': 22, 'ras': 57, 'rrd': 7, 'faw': 62, 'rfc': 572}",[[0.00196048 0.93803    0.0020875 ]]
1.066064,"{'cas': 3, 'cwl': 23, 'rcd': 9, 'rp': 22, 'ras': 57, 'rrd': 7, 'faw': 62, 'rfc': 572}",[[0.00196048 0.93803    0.0020875 ]]
1.114082,"{'cas': 3, 'cwl': 27, 'rcd': 30, 'rp': 27, 'ras': 20, 'rrd': 7, 'faw': 8, 'rfc': 403}",[[0.00208692 0.8976     0.0023224 ]]
1.114082,"{'cas': 3, 'cwl': 27, 'rcd': 30, 'rp': 27, 'ras': 20, 'rrd': 7, 'faw': 8, 'rfc': 403}",[[0.00208692 0.8976     0.0023224 ]]
1.1941439,"{'cas': 31, 'cwl': 31, 'rcd': 31, 'rp': 31, 'ras': 63, 'rrd': 9, 'faw': 2, 'rfc': 630}",[[0.00216544 0.83742    0.00258313]]
1.1941439,"{'cas': 31, 'cwl': 31, 'rcd': 31, 'rp': 31, 'ras': 63, 'rrd': 9, 'faw': 2, 'rfc': 630}",[[0.00216544 0.83742    0.00258313]]
1.1646188,"{'cas': 31, 'cwl': 31, 'rcd': 30, 'rp': 25, 'ras': 63, 'rrd': 9, 'faw': 60, 'rfc': 349}",[[0.00211228 0.85865    0.00245735]]
1.1646188,"{'cas': 31, 'cwl': 31, 'rcd': 30, 'rp': 25, 'ras': 63, 'rrd': 9, 'faw': 60, 'rfc': 349}",[[0.00211228 0.85865    0.00245735]]
1.1941439,"{'cas': 2, 'cwl': 31, 'rcd': 31, 'rp': 31, 'ras': 63, 'rrd': 15, 'faw': 2, 'rfc': 249}",[[0.00216544 0.83742    0.00258313]]
1.1941439,"{'cas': 2, 'cwl': 31, 'rcd': 31, 'rp': 31, 'ras': 63, 'rrd': 15, 'faw': 2, 'rfc': 249}",[[0.00216544 0.83742    0.00258313]]
1.1099764,"{'cas': 19, 'cwl': 16, 'rcd': 21, 'rp': 29, 'ras': 53, 'rrd': 2, 'faw': 47, 'rfc': 576}",[[0.00203457 0.90092    0.00225576]]
1.1099764,"{'cas': 19, 'cwl': 16, 'rcd': 21, 'rp': 29, 'ras': 53, 'rrd': 2, 'faw': 47, 'rfc': 576}",[[0.00203457 0.90092    0.00225576]]
0.95616007,"{'cas': 25, 'cwl': 11, 'rcd': 15, 'rp': 17, 'ras': 13, 'rrd': 3, 'faw': 57, 'rfc': 499}",[[0.00186162 1.04585    0.00177762]]
0.95616007,"{'cas': 25, 'cwl': 11, 'rcd': 15, 'rp': 17, 'ras': 13, 'rrd': 3, 'faw': 57, 'rfc': 499}",[[0.00186162 1.04585    0.00177762]]
1.1254797,"{'cas': 12, 'cwl': 31, 'rcd': 30, 'rp': 25, 'ras': 46, 'rrd': 2, 'faw': 33, 'rfc': 563}",[[0.00206949 0.88851    0.00232657]]
1.1254797,"{'cas': 12, 'cwl': 31, 'rcd': 30, 'rp': 25, 'ras': 46, 'rrd': 2, 'faw': 33, 'rfc': 563}",[[0.00206949 0.88851    0.00232657]]
0.9609748,"{'cas': 8, 'cwl': 9, 'rcd': 22, 'rp': 10, 'ras': 28, 'rrd': 3, 'faw': 11, 'rfc': 259}",[[0.00184968 1.04061    0.00177512]]
0.9609748,"{'cas': 8, 'cwl': 9, 'rcd': 22, 'rp': 10, 'ras': 28, 'rrd': 3, 'faw': 11, 'rfc': 259}",[[0.00184968 1.04061    0.00177512]]
1.0770755,"{'cas': 25, 'cwl': 16, 'rcd': 18, 'rp': 27, 'ras': 48, 'rrd': 9, 'faw': 57, 'rfc': 456}",[[0.00198919 0.92844    0.00213998]]
1.0770755,"{'cas': 25, 'cwl': 16, 'rcd': 18, 'rp': 27, 'ras': 48, 'rrd': 9, 'faw': 57, 'rfc': 456}",[[0.00198919 0.92844    0.00213998]]
1.0147752,"{'cas': 23, 'cwl': 23, 'rcd': 4, 'rp': 16, 'ras': 55, 'rrd': 5, 'faw': 33, 'rfc': 578}",[[0.00188876 0.98544    0.00191423]]
1.0147752,"{'cas': 23, 'cwl': 23, 'rcd': 4, 'rp': 16, 'ras': 55, 'rrd': 5, 'faw': 33, 'rfc': 578}",[[0.00188876 0.98544    0.00191423]]
1.0874411,"{'cas': 9, 'cwl': 22, 'rcd': 26, 'rp': 18, 'ras': 57, 'rrd': 12, 'faw': 20, 'rfc': 428}",[[0.00199321 0.91959    0.00216497]]
1.0874411,"{'cas': 9, 'cwl': 22, 'rcd': 26, 'rp': 18, 'ras': 57, 'rrd': 12, 'faw': 20, 'rfc': 428}",[[0.00199321 0.91959    0.00216497]]
1.0181848,"{'cas': 9, 'cwl': 7, 'rcd': 31, 'rp': 14, 'ras': 33, 'rrd': 9, 'faw': 49, 'rfc': 451}",[[0.00192172 0.98214    0.00195422]]
1.0181848,"{'cas': 9, 'cwl': 7, 'rcd': 31, 'rp': 14, 'ras': 33, 'rrd': 9, 'faw': 49, 'rfc': 451}",[[0.00192172 0.98214    0.00195422]]
1.1941439,"{'cas': 2, 'cwl': 31, 'rcd': 31, 'rp': 31, 'ras': 63, 'rrd': 15, 'faw': 63, 'rfc': 590}",[[0.00216544 0.83742    0.00258313]]
1.1941439,"{'cas': 2, 'cwl': 31, 'rcd': 31, 'rp': 31, 'ras': 63, 'rrd': 15, 'faw': 63, 'rfc': 590}",[[0.00216544 0.83742    0.00258313]]
1.1941439,"{'cas': 2, 'cwl': 31, 'rcd': 31, 'rp': 31, 'ras': 63, 'rrd': 2, 'faw': 18, 'rfc': 630}",[[0.00216544 0.83742    0.00258313]]
1.1941439,"{'cas': 2, 'cwl': 31, 'rcd': 31, 'rp': 31, 'ras': 63, 'rrd': 2, 'faw': 18, 'rfc': 630}",[[0.00216544 0.83742    0.00258313]]
1.0945469,"{'cas': 3, 'cwl': 23, 'rcd': 23, 'rp': 25, 'ras': 49, 'rrd': 10, 'faw': 55, 'rfc': 213}",[[0.00201529 0.91362    0.00220328]]
1.0945469,"{'cas': 3, 'cwl': 23, 'rcd': 23, 'rp': 25, 'ras': 49, 'rrd': 10, 'faw': 55, 'rfc': 213}",[[0.00201529 0.91362    0.00220328]]
1.0842694,"{'cas': 4, 'cwl': 11, 'rcd': 21, 'rp': 27, 'ras': 52, 'rrd': 9, 'faw': 63, 'rfc': 282}",[[0.00199519 0.92228    0.0021608 ]]
1.0842694,"{'cas': 4, 'cwl': 11, 'rcd': 21, 'rp': 27, 'ras': 52, 'rrd': 9, 'faw': 63, 'rfc': 282}",[[0.00199519 0.92228    0.0021608 ]]
1.0056113,"{'cas': 4, 'cwl': 5, 'rcd': 15, 'rp': 16, 'ras': 53, 'rrd': 4, 'faw': 26, 'rfc': 356}",[[0.00187863 0.99442    0.00188674]]
1.0056113,"{'cas': 4, 'cwl': 5, 'rcd': 15, 'rp': 16, 'ras': 53, 'rrd': 4, 'faw': 26, 'rfc': 356}",[[0.00187863 0.99442    0.00188674]]
1.1941439,"{'cas': 31, 'cwl': 31, 'rcd': 31, 'rp': 31, 'ras': 63, 'rrd': 3, 'faw': 2, 'rfc': 210}",[[0.00216544 0.83742    0.00258313]]
1.1941439,"{'cas': 31, 'cwl': 31, 'rcd': 31, 'rp': 31, 'ras': 63, 'rrd': 3, 'faw': 2, 'rfc': 210}",[[0.00216544 0.83742    0.00258313]]
1.1941439,"{'cas': 31, 'cwl': 31, 'rcd': 31, 'rp': 31, 'ras': 63, 'rrd': 15, 'faw': 2, 'rfc': 422}",[[0.00216544 0.83742    0.00258313]]
1.1941439,"{'cas': 31, 'cwl': 31, 'rcd': 31, 'rp': 31, 'ras': 63, 'rrd': 15, 'faw': 2, 'rfc': 422}",[[0.00216544 0.83742    0.00258313]]
1.1941439,"{'cas': 31, 'cwl': 31, 'rcd': 31, 'rp': 31, 'ras': 63, 'rrd': 2, 'faw': 63, 'rfc': 425}",[[0.00216544 0.83742    0.00258313]]
1.1941439,"{'cas': 31, 'cwl': 31, 'rcd': 31, 'rp': 31, 'ras': 63, 'rrd': 2, 'faw': 63, 'rfc': 425}",[[0.00216544 0.83742    0.00258313]]
1.1941439,"{'cas': 2, 'cwl': 31, 'rcd': 31, 'rp': 31, 'ras': 63, 'rrd': 2, 'faw': 63, 'rfc': 416}",[[0.00216544 0.83742    0.00258313]]
1.1941439,"{'cas': 2, 'cwl': 31, 'rcd': 31, 'rp': 31, 'ras': 63, 'rrd': 2, 'faw': 63, 'rfc': 416}",[[0.00216544 0.83742    0.00258313]]
1.1941439,"{'cas': 31, 'cwl': 31, 'rcd': 31, 'rp': 31, 'ras': 63, 'rrd': 2, 'faw': 2, 'rfc': 448}",[[0.00216544 0.83742    0.00258313]]
1.1941439,"{'cas': 31, 'cwl': 31, 'rcd': 31, 'rp': 31, 'ras': 63, 'rrd': 2, 'faw': 2, 'rfc': 448}",[[0.00216544 0.83742    0.00258313]]
1.1941439,"{'cas': 31, 'cwl': 31, 'rcd': 31, 'rp': 31, 'ras': 63, 'rrd': 15, 'faw': 63, 'rfc': 210}",[[0.00216544 0.83742    0.00258313]]
